,time,user,tweet
0,2022-08-16 09:28:34+00:00,atiku,"I thank Gov. Fintiri, and all stakeholders and supporters who made this possible. -AA"
1,2022-08-16 09:28:32+00:00,atiku,"Yesterday felt like an actual highlight reel, from the immense love and reception on my arrival, to receiving thousands of defectors over to the @OfficialPDPNig at Ribadu Square and then the dinner in my honour, amongst others. https://t.co/kpwsK3LV2E"
2,2022-08-15 20:52:11+00:00,atiku,"Today‚Äòs outing was a confirmation of the direction the people have chosen. More importantly, it was an opportunity to welcome the thousands of defectors from various political parties to our great PDP. My heart is excited. I couldn‚Äôt have asked for more. -AA #AtikuInYola https://t.co/0Mnlk2ont9"
3,2022-08-15 12:11:44+00:00,atiku,"I'm humbled by this extraordinary show of love. I love you all more. As ONE, we shall get it done. -AA
#AtikuInYola https://t.co/sjDX7DT7uA"
4,2022-08-13 14:26:06+00:00,atiku,"It was my honour and pleasure to attend the wedding Fatiha of Surayya Sule Lamido, daughter of Alhaji Sule Lamido, former Governor of Jigawa State and Yazeed Shehu Danfulani, in Birnin Kudu, Jigawa State. It is my prayer that the union be blessed beyond measure. -AA https://t.co/9A7cmwhaJK"
5,2022-08-12 19:46:12+00:00,atiku,I pledge I will work with university authorities to end these incessant strikes that are causing unacceptable harm to the ability of our children to get an education. #IYD2022. -AA
6,2022-08-12 19:45:54+00:00,atiku,I take very strong exception to the strike by ASUU and the government's inability to resolve the crisis. I have been investing in education for the past thirty years. https://t.co/LSbLDjdOKj
7,2022-08-12 19:31:46+00:00,atiku,"Congratulations, @AsisatOshoala, on your nomination, for which you are already a winner. This year is already turning out to be the Year of the Women in sports! -AA https://t.co/eXfyVyY0pl"
8,2022-08-12 11:20:26+00:00,atiku,"My priority is to ensure that no one is left behind. United as one, we will get it done. -AA #IYD2022"
9,2022-08-12 11:20:26+00:00,atiku,"Our exponential ability has repeatedly proved itself, and it is my responsibility to ensure that the skills and talents of our youth are not left or forced into latency due to leadership oversight at the top."
10,2022-08-12 11:20:24+00:00,atiku,"On this #IYD2022, my commitment to the youth of Nigeria is that I shall spare no effort in triggering the necessary enablers to ensure that they attain their full potential in technology, creativity, sports, agriculture, and so much more‚Äîto their benefits and also Nigeria."
11,2022-08-12 11:20:23+00:00,atiku,There‚Äôs no telling that our current situation has drastically diminished the possibilities that should be available to young people to harness their potential. But hope beckons.
12,2022-08-12 11:20:22+00:00,atiku,"One thing is critical, our nation's youth have never, at any point, lacked innovative ideas and unique energy for breakthroughs. What's been missing is the necessary governmental leadership that will throw up opportunities to allow for full expression."
13,2022-08-12 11:20:20+00:00,atiku,I just arrived at the @OfficialPDPNig Youth Wing event commemorating International Youth Day 2022. https://t.co/PbQPrN6yLT
14,2022-08-11 17:46:44+00:00,atiku,"Earlier today, I hosted a delegation of @OfficialPDPNig leaders and leaders of thought from Kogi State led by the former Governor of the state, Captain Idris Wada. -AA https://t.co/V4ACZMvLzt"
15,2022-08-09 19:52:13+00:00,atiku,"I felicitate with Hon. Umar Bature, the indefatigable National Organising Secretary of our great party, the @OfficialPDPNig, on the occasion of his 53rd birthday. I wish him more years in good health in the service of our party and the country. -AA https://t.co/83jfPBMTrm"
16,2022-08-09 12:42:32+00:00,atiku,"As Kenyans go to the polls today, I wish them a resounding success in its outcome because I am mindful that it will have reverberations on deepening democracy on the continent. I wish them a free, fair, peaceful and credible process. -AA"
17,2022-08-09 08:53:31+00:00,atiku,RT @IyeneE: Thank you @atiku for following @IyeneE and for supporting her golf development and promising to follow her golfing career to wi‚Ä¶
18,2022-08-08 12:23:48+00:00,atiku,A grateful nation thanks the entire historic Team Nigeria üá≥üá¨ at the Commonwealth Games 2022 in Birmingham. -AA #CommonwealthGames2022 https://t.co/MXZbNUmPr5
19,2022-08-08 09:59:03+00:00,atiku,I pray that the Almighty Allah shall continue to grant you the gift of good health for even greater benefits to the country and humanity. -AA
20,2022-08-08 09:59:03+00:00,atiku,"On behalf of my family, I join other well-wishers to felicitate with former Kaduna state governor and former Chairman of the @OfficialPDPNig National Caretaker Committee, Senator Ahmed Makarfi, as he marks his 66th birthday. https://t.co/0MbZ3eMuUw"
21,2022-08-07 10:32:43+00:00,atiku,We certainly have something to learn from her: the speed to get things done to make this country a great giant once again. Congratulations Tobi. -AA
22,2022-08-07 10:32:43+00:00,atiku,"The lady with blistering speed, Tobi Amusan, @Evaglobal01, made us proud again. She just clocked a new record in the 100m Women‚Äôs hurdle. She represents the true spirit of our hopes."
23,2022-08-07 08:16:24+00:00,atiku,"The group pledged to collaborate with me in fixing the broken economy as it relates to the critical agriculture sub-sector. I assured them that, as one, we can get it done. -AA."
24,2022-08-07 08:16:23+00:00,atiku,"Yesterday, I hosted the executives of the National Rice Producers Processors, Millers and Marketers Association of Nigeria (NARPPMMAN), led by Alhaji Ahmadu Mustafa, at my residence in Abuja. https://t.co/uN1enytv8p"
25,2022-08-06 18:31:50+00:00,atiku,"On behalf of my family, I wish her more grace and grit as she continues to play her iconic role as a positive influencer in society. -AA"
26,2022-08-06 18:31:49+00:00,atiku,"In the space of 70 years, Daisy continues to be a shining example of the enormous benefits of women‚Äôs empowerment. Without a doubt, she‚Äôs played her role as a wife, mother, politician, business entrepreneur and many more with class and distinction."
27,2022-08-06 18:31:48+00:00,atiku,"I am happy to be in Lagos today to rejoice with the TY Danjuma family on the 70th birthday celebration of their matriarch, Senator Daisy Danjuma. https://t.co/wib0s56bOk"
28,2022-08-04 09:49:42+00:00,atiku,Hearty congratulations to Team Nigeria for making every Nigerian proud. -AA
29,2022-08-04 09:49:42+00:00,atiku,"I am excited at the flow of medals from Team Nigeria at the ongoing Commonwealth Games in Birmingham. This once again bolsters my belief in the ability of Nigerians to excel when empowered, both locally and on the world stage.
https://t.co/4S0jt3lzka"
30,2022-08-04 07:47:58+00:00,atiku,The steps so far taken by the Nigerian Embassy in collaborating with the Italian authorities to ensure that justice is done is commendable. -AA
31,2022-08-04 07:47:57+00:00,atiku,"The murder of a Nigerian, Alika Ogorchukwu, in broad daylight in the streets of Civitanova Marche, Italy, stands condemned. The life of every Nigerian, at home and abroad, is precious and deserves to be protected."
32,2022-08-04 07:24:40+00:00,atiku,"I pray Allah will continue to grant you many more years of good health and success.

Congratulations. - AA"
33,2022-08-04 07:24:39+00:00,atiku,"As a corporate icon, you have also shown an incredible capacity to manage men and women and to create wealth.

There is no gainsaying that you are an inspiration to the youth and the Nigerian business community."
34,2022-08-04 07:24:38+00:00,atiku,"You are an accomplished business personality. Your strides in making valuable inputs into our economy, especially in providing employment for our people, are commendable. As an entrepreneur, you have demonstrated that success can be achieved by dint of hard work."
35,2022-08-04 07:24:38+00:00,atiku,"I congratulate my brother, Alhaji Abdul Samad Rabiu, CON, the Founder/Chairman of the @BUAgroup, on the occasion of his 62nd birthday anniversary. https://t.co/X6nSQ3xD0i"
36,2022-08-03 18:59:53+00:00,atiku,"We discussed, among other things, what Nigeria can learn from countries like the United States to improve the ease of doing business in our country. -AA"
37,2022-08-03 18:59:51+00:00,atiku,"Franklin Olakunle Amoo, @FranklinAmoo, a young Nigerian-American recently appointed into President Biden‚Äôs Advisory Council on Doing Business in Africa (PAC-DBIA), paid me a courtesy visit. https://t.co/XALeD3RhpH"
38,2022-08-03 16:53:33+00:00,atiku,"Earlier today, I met with members of the @OfficialPDPNig New Generation. We had an extensive discussion about the future of our country &amp; how we can achieve much more when we stand together as one people with one future, and the roles expected of young people in that process.-AA https://t.co/T860XJ7n3w"
39,2022-08-03 13:42:29+00:00,atiku,We must become more innovative in how we use and conserve our environment to stem the danger. -AA
40,2022-08-03 13:42:28+00:00,atiku,The heavy downpour that has led to this flooding and others with the attendant destructions to lives and properties in different parts of the country in recent times is a confirmation of the dangers we face from the threats of climate change.
41,2022-08-03 13:42:27+00:00,atiku,"My prayers and thoughts are with the families that have lost dear ones and of communities with thousands displaced in Dutse, Hadejia, Gwaram, Kafin Hausa, Kirikasamma, Guri, Auyo and Jahun local government areas of Jigawa State following flooding occasioned by heavy rainfall."
42,2022-08-03 07:41:39+00:00,atiku,Hello. Welcome on board. -AA https://t.co/OnBit7r5VM
43,2022-08-02 19:53:17+00:00,atiku,"When we catch them young, by providing them with all the requisite infrastructure and opportunity, they'll blossom to conquer the world. Congratulations, Iyene, for making Nigeria üá≥üá¨ proud. -AA"
44,2022-08-02 19:53:16+00:00,atiku,"Sixteen-year-old @IyeneE‚Äôs accomplishments at the Champion of Champions World Golf Championship Invitational in Northern Ireland, where she came 2nd, confirms the necessity of teeing off our talents early in life. https://t.co/t49albGWBE"
45,2022-08-02 19:28:55+00:00,atiku,"Your Excellency, on behalf of my family, accept my good wishes on the occasion of your 68th birthday. -AA"
46,2022-08-02 19:28:54+00:00,atiku,"Former Vice President Namadi Sambo has had an illustrious career in the private and public service. Even after sterling services as Kaduna State Governor and as our country‚Äôs Vice President, he continues to be deeply engaged in promoting education as a catalyst for change. https://t.co/ntVdIduFbk"
47,2022-08-01 15:25:19+00:00,atiku,"We discussed a wide range of issues from economy to education, security, electoral reforms and improved collaboration between the UK and the Nigerian governments on finding lasting diplomatic common ground on issues that mutually benefit both countries. -AA"
48,2022-08-01 15:25:18+00:00,atiku,"It was my pleasure hosting a delegation of the British High Commission in Nigeria led by the High Commissioner, H.E @CatrionaLaing1. https://t.co/1KZmgiJBC4"
49,2022-08-01 15:23:53+00:00,atiku,"RT @CatrionaLaing1: Good to meet the PDP Presidential Candidate, Atiku Abubakar @atiku today. 

Interesting to hear his ideas on the econom‚Ä¶"
50,2022-07-31 07:24:19+00:00,atiku,I also urged the need to remain determined in the objectives of the New Generation. -AA
51,2022-07-31 07:24:18+00:00,atiku,"It was an honour to unveil ‚ÄúOperation Rescue Nigeria 2.0‚Äù under the aegis of the PDP New Generation. I shared the importance of building bridges across this great country, Nigeria, from the North to the South, East and West, so that we might have a united Nigeria. https://t.co/g3cqSw7EEF"
52,2022-07-30 21:32:22+00:00,atiku,and the Bayelsa State Traditional Rulers Council and the people and Government of Bayelsa State in wishing him more years in good health and service to his people and humanity. -AA
53,2022-07-30 21:32:21+00:00,atiku,"Under his watch, peace, unity and stability has thrived with the traditional institution as its fulcrum. And as he berths at 80 years, my family and I join his family and friends, the traditional institution of Twon-Brass Kingdom"
54,2022-07-30 21:32:20+00:00,atiku,"His Majesty is an accomplished administrator of repute, entrepreneur, philanthropist, statesman and all-around sportsman."
55,2022-07-30 21:32:19+00:00,atiku,"HRH Alfred Papapreye Diete-Spiff, OFR, Amanyanabo of Twon-Brass Kingdom, is a man of many parts and firsts: Diver, Aviator, Mediator, Arbitrator and Peace Builder. https://t.co/dcFM7k2usE"
56,2022-07-30 16:52:56+00:00,atiku,"With your joining us, it is becoming evident that our message of One People with One Future and One Country is resonating. -AA"
57,2022-07-30 16:52:51+00:00,atiku,"Welcome to the @OfficialPDPNig, the party that truly embodies the associations of the Nigeria of our dreams. Your courage, conviction and kind words are well appreciated. https://t.co/YAU55Vw5LP https://t.co/GiLLOIfdz4"
58,2022-07-30 13:33:30+00:00,atiku,"On behalf of my family, I join friends and well-wishers to celebrate my brother, Governor Darius Ishaku of Taraba State, as he turns 68 today. May God Almighty grant you more years in good health and service to the benefit of the good people of Taraba State and humanity. -AA https://t.co/kHa9rYGaUI"
59,2022-07-30 10:57:47+00:00,atiku,I urge all Nigerians to remember the current challenges facing our country and the need for us to intensify prayers for peace and prosperity to return to our beloved country. -AA
60,2022-07-30 10:57:46+00:00,atiku,This Islamic new year is a sign from the Almighty Allah that our diversity is an opportunity for unity. I will thus urge all Muslims and people of other faiths to work assiduously towards promoting unity and mutual respect in all our undertakings.
61,2022-07-30 10:57:45+00:00,atiku,"I felicitate with the Muslim community in Nigeria and across the world on the occasion of the new Islamic New Year of Hijra 1444.

I wish to remind that the Hijra of the Holy Prophet Muhammed (PBUH) embodies many lessons of patience, tolerance and self-sacrifice."
62,2022-07-29 11:16:11+00:00,atiku,Your election at our nation's crossroads presents you with a unique opportunity of forging interfaith relations. Be assured of my hand of fellowship in the promotion of much-needed unity to spur socio-economic and political progress in our country. -AA
63,2022-07-29 11:16:10+00:00,atiku,"I wish to congratulate Archbishop Daniel Okoh, the General Superintendent of Christ Holy Church (Odozi-Obodo), on his election as President of the Christian Association of Nigeria (CAN)."
64,2022-07-28 18:04:08+00:00,atiku,Our discussions focused on how we can deepen Nigeria-South Africa bilateral relations as a rallying point to engendering robust Intra Africa relations and thereby building the blocks of the continent's unity. -AA
65,2022-07-28 18:04:07+00:00,atiku,"Earlier today, I played host to His Excellency, Thamsanqa Dennis Mseleku, the South African High Commissioner to Nigeria. https://t.co/r5o6QrEbAb"
66,2022-07-27 10:07:32+00:00,atiku,It was a fruitful meeting that focused on the unity of our party ahead of the 2023 election. -AA
67,2022-07-27 10:07:30+00:00,atiku,"Last night, my Vice Presidential candidate @IAOkowa and @OfficialPDPNig National Chairman, Dr Iyorchia Ayu and I met with the PDP Senate Caucus led by Senate Minority Leader, Sen. Philip Aduda. https://t.co/PsKWIp45kW"
68,2022-07-26 20:36:05+00:00,atiku,"In the agricultural sector, we shall elevate irrigation to a top policy priority and support both small holder and commercial farmers to cultivate at least 10% of the potential irrigable land-(currently only 2% is under cultivation). -AA"
69,2022-07-26 20:36:04+00:00,atiku,"This is to support private sector investments in infrastructure and to prioritize support to agriculture, manufacturing and the MSMEs across all the economic sectors, as they offer the greatest opportunities for achieving inclusive growth."
70,2022-07-26 20:36:03+00:00,atiku,"Also, by fighting insecurity. Investment is a coward animal and fears conflicts and insecurity.
 
Secondly, within the first 100 days in office, we shall unveil an Economic Stimulus Fund with an initial investment capacity of approximately US$10 billion."
71,2022-07-26 20:36:02+00:00,atiku,"First, we will restore investor confidence in our economy so that they take risk and invest capital especially in the non-oil sector.  This we can achieve by being more consistent and coherent in our economic policies (policy flip-flops sends investors away)."
72,2022-07-26 20:36:02+00:00,atiku,"Larger volume of non-oil exports will earn more foreign exchange for Nigeria, improve our foreign reserves, and help in stabilizing the Naira. All of these will contribute to growth in GDP.

What will I do?"
73,2022-07-26 20:36:01+00:00,atiku,"Dear @AbuammarUp, 

To grow the economy (raise GDP), export more, and stabilise the Naira are all interrelated. Stimulating exports requires a coherent and investor-friendly foreign exchange policy that improves the global competitiveness of domestic enterprises. https://t.co/3jrT50YAsv"
74,2022-07-25 09:57:24+00:00,atiku,"Hearty congratulations to Ese Brume, having won another medal for Nigeria in the women‚Äôs long jump at the World Athletics Championship in Eugene, Oregon. Another victory for Nigeria at the #WorldAthleticsChamps. -AA"
75,2022-07-25 07:49:00+00:00,atiku,"All hail Nigeria's Tobi Amusan, the record-breaking women's 100m hurdles champion. I am particularly proud of this feat, and it underscores my plan to refocus investments in sports, and creative sectors, amongst others. #WorldAthleticsChamps -AA"
76,2022-07-23 10:53:06+00:00,atiku,‚Ä¢ Take steps to improve its spending efficiency and drastically cut unnecessary and wasteful expenditures. -AA
77,2022-07-23 10:53:06+00:00,atiku,‚Ä¢ Review the country‚Äôs debt strategy by focusing on concessional and semi-concessional sources with lower interest rates and relatively long-term maturity. The government must reduce the issuance of short-dated debt instruments;
78,2022-07-23 10:53:05+00:00,atiku,"Specifically, government must ensure that all borrowed funds are for priority infrastructure projects that would generate income, boost output, and put the economy on the path of sustainable growth;"
79,2022-07-23 10:53:05+00:00,atiku,‚Ä¢ Review the current utilization of all borrowed funds and ensure that they are deployed more judiciously.
80,2022-07-23 10:53:04+00:00,atiku,"I urge the government to as a matter of urgency do the following:

‚Ä¢ Take immediate steps to slow down the rate of debt accumulation by promoting more Public Private Partnerships in critical infrastructure funding and identifying more innovative funding options;"
81,2022-07-23 10:53:03+00:00,atiku,This is certainly detrimental to Nigeria‚Äôs long-term growth.
82,2022-07-23 10:53:03+00:00,atiku,"I had on several occasions warned that not only is the fiscal cost of government‚Äôs indiscriminate borrowing so enormous but has even greater opportunity costs as we sacrifice investments in critical areas, including education, health, and other basic services."
83,2022-07-23 10:53:02+00:00,atiku,"Indeed, I am concerned that this action is already exposing Nigeria to financial stability issues as we slip from a medium risk of debt distress to high risk of debt distress."
84,2022-07-23 10:53:01+00:00,atiku,"First, this action must be in breach of all known reasonable debt-sustainability thresholds. Second, it puts a big question mark on the capacity of the government to manage its rising debt profile without endangering macroeconomic stability."
85,2022-07-23 10:53:01+00:00,atiku,Thursday‚Äôs revelation by Nigeria‚Äôs Finance Minister that the cost of servicing Nigeria‚Äôs debt has surpassed the Federal Government‚Äôs retained revenue by N310 billion in the first quarter of the year is very worrisome.
86,2022-07-22 16:25:17+00:00,atiku,Finding solutions to the many challenges facing the various aspects of our society requires some level of engagement by non-state actors. -AA
87,2022-07-22 16:25:15+00:00,atiku,"I will suggest pushing the frontiers further with an inclusion of the Adamawa Peace Initiative, which has done phenomenal work on the concern of women empowerment and inter-faith dialogue in Adamawa and its environs."
88,2022-07-22 16:25:14+00:00,atiku,I commend the @USAIDNigeria for undertaking an intervention that seeks to empower women in the Northeast region. https://t.co/P3S60DvM6F
89,2022-07-21 07:49:47+00:00,atiku,RT @OneNigeria2023: https://t.co/A4DQe9vlCD
90,2022-07-20 20:14:41+00:00,atiku,"In addition, I‚Äôll cause the creation of an Infrastructure Development Credit Guarantee Agency to complement the operation of the IDF by de-risking investments in infrastructure to build investor confidence in taking risks and investing capital. -AA"
91,2022-07-20 20:14:41+00:00,atiku,The IDF will have an initial investment capacity of approximately US$20 billion.
92,2022-07-20 20:14:40+00:00,atiku,across all the sectors of the economy.
93,2022-07-20 20:14:39+00:00,atiku,"I‚Äôll promote the incentivisation, with tax breaks, a consortium of private sector institutions to establish an Infrastructure Debt Fund (IDF) to primarily mobilise domestic and international private resources for the financing and delivery of large infrastructure projects"
94,2022-07-20 20:14:38+00:00,atiku,"to promote private investment in power, among other sectors."
95,2022-07-20 20:14:37+00:00,atiku,"Due to the priority that I place on the power sector upon which the successes of other sectors are hinged, I am proposing innovative financing of infrastructure that will involve the facilitation of a review of the financial, legal, and regulatory environment"
96,2022-07-20 20:14:36+00:00,atiku,I am reliably informed that there was a total National Grid Collapse at precisely 12:23pm today. This is one collapse too many. It is the 6th time this is happening this year alone.
97,2022-07-20 17:30:31+00:00,atiku,"It is gladdening to receive Admiral Murtala Nyako, former governor of Adamawa State, at my residence today on a courtesy visit. It was refreshing having a useful conversation with him about critical national issues. Thanks for the visit, sir. -AA https://t.co/uiJrUXyGwG"
98,2022-07-20 11:42:48+00:00,atiku,"I hope I'll have the opportunity to complete the process of turning the NNPC into a genuinely world-class company in the mould of NLNG, Aramco of Saudi Arabia and Petrobras of Brazil, where Nigerians and institutions will invest in. -AA"
99,2022-07-20 11:42:47+00:00,atiku,"But today, I am happy to note that the same government has taken a tentative step along the lines of the suggestions that I had made. It is a step in the right direction, but we are still far from what I had envisaged."
100,2022-07-20 11:42:47+00:00,atiku,"I had in 2018 made public my plans to reform the NNPC to make it more profitable, transparent and efficient. The APC-led government denigrated me for my patriotic vision."
101,2022-07-19 08:25:57+00:00,atiku,"On behalf of my family, I wish my good friend, presidential candidate of the LP, and former Governor of Anambra State, @PeterObi, a memorable 61st birthday celebration. I wish you many more years in good health and vitality. -AA https://t.co/v8n2DKDYkF"
102,2022-07-19 07:42:31+00:00,atiku,"I wish him a successful tenure, and I pray for wisdom and forthrightness for him to carry on with his new assignment. -AA"
103,2022-07-19 07:42:31+00:00,atiku,"I am even more pleased that Mr Maikyau has been an active participant in Bar activities and activism, and it is not in doubt that his experience will come to bear in upping the bar for lawyers in the country."
104,2022-07-19 07:42:30+00:00,atiku,"I am pleased to rejoice with all members of the Nigerian Bar Association on the emergence of Yakubu Maikyau, SAN, as the new President of the NBA. https://t.co/tQoF4FrHuW"
105,2022-07-18 18:30:37+00:00,atiku,"Dear Vice President Yemi Osinbajo, @ProfOsinbajo, my family and I wish you speedy and complete healing from your surgery. We can't wait to see you up and about and in the service of our dear country. -AA"
106,2022-07-18 17:49:44+00:00,atiku,"I had, in the course of our robust discussion, proposed the enveloping of ballots to stem vote buying. I want to especially thank them for taking an interest in Nigeria. -AA"
107,2022-07-18 17:49:44+00:00,atiku,"We had valuable discussions that border on mutual benefits in strengthening democracy, integrity of the electoral system and, especially, protecting the rule of law."
108,2022-07-18 17:49:43+00:00,atiku,"I just ended a meeting with the joint team of the International Republican Institute, @IRIglobal, and the National Democratic Institute, @NDI, led by Mr. Frank LaRose‚ÄîSecretary of State of the state of Ohio, USA. https://t.co/EdGOg5Kbon"
109,2022-07-17 06:28:14+00:00,atiku,"Most importantly, congratulations to the great people of Osun State for proving that power indeed belongs to the people. -AA #OsunDecides #ImoleOsun"
110,2022-07-17 06:28:13+00:00,atiku,"Light has come to Osun. Congratulations, Sen. @AAdeleke_01, on a well-fought victory. Also, hearty congratulations to the @OfficialPDPNig family and all stakeholders who came together to make this possible. https://t.co/351DHsmY6C"
111,2022-07-15 20:16:11+00:00,atiku,"Earlier today, I received in audience, a delegation of the @EUinNigeria, led by Ambassador Samuela Isopi, @SamuelaIsopiEU, at my residence, in Abuja. We had fruitful discussions. -AA https://t.co/WyhXsW9ggN"
112,2022-07-15 15:39:09+00:00,atiku,"By the way, such a skill that can also help you with a side hustle. -AA
#WYSD2022"
113,2022-07-15 15:39:08+00:00,atiku,"On this World Youth Skills Day, I wish to impress on our young people the need to learn a skill that puts you at an advantage to get a good-paying job and the opportunity to set up your business and be your own boss."
114,2022-07-14 20:54:44+00:00,atiku,"Congratulations to Nigeria‚Äôs Female Football team, the Super Falcons, @NGSuper_Falcons, for qualifying for the 2023 Women‚Äôs World Cup in Australia and New Zealand and their qualification for the semifinals of the Women‚Äôs Africa Cup of Nations (WAFCON) in Morocco. -AA"
115,2022-07-14 18:24:25+00:00,atiku,https://t.co/pfOqtzA6Xs
116,2022-07-14 18:24:17+00:00,atiku,https://t.co/Ld0IS2ZhyA
117,2022-07-14 18:24:11+00:00,atiku,#ImoleOsun #OsunDecides2022 https://t.co/j48wwA2Aqp
118,2022-07-12 18:10:06+00:00,atiku,I look forward to working with many amazing Nigerians like you to unite and rebuild Nigeria. -AA
119,2022-07-12 18:10:05+00:00,atiku,"Mr Rabiu has distinguished himself as an astute businessman who continues to create jobs and opportunities. His reappointment again emphasises Nigeria‚Äôs role across nations in business and economy, among other sectors."
120,2022-07-12 18:10:04+00:00,atiku,"I congratulate the Founder/Chairman of @BUAgroup, Abdul Samad Rabiu (CON), on his reappointment as President of the France-Nigeria Business Council by President @EmmanuelMacron of France. https://t.co/8F5iBMDGRJ"
121,2022-07-11 13:32:44+00:00,atiku,"On behalf of my family, I join friends and well-wishers to celebrate my brother, the governor of Akwa Ibom State, H.E Udom Emmanuel. May God Almighty grant you more years in good health &amp; service to the benefit of the good people of Akwa Ibom State &amp; humanity. Happy birthday.-AA https://t.co/0GWI0NhZO1"
122,2022-07-11 09:08:10+00:00,atiku,A living legend and an exemplary citizen. Congratulations on eight decades of life! -AA
123,2022-07-11 09:08:09+00:00,atiku,"Today, I celebrate a freshly minted Octogenarian, Sir Oludotun Baiyewu Jacobs (Olu Jacobs). You have seen the world change tremendously and imparted it in your stead. You have been an inspiration to many, a highly respected and honourable person. https://t.co/fQ5wq8VpWE"
124,2022-07-10 13:00:01+00:00,atiku,"Humanity is where my heart is. The story of Michael Ameh, amongst many untold, makes it all worth it. -AA

Watch the full video at: https://t.co/UweVQDdZXi https://t.co/qrhjneJZ0Z"
125,2022-07-09 08:02:37+00:00,atiku,"Above all, I pray for peace during and after the Eid celebration even as I task Nigerians to work even harder to ensure the unity of all peoples, tribes and faiths in the country. -AA"
126,2022-07-09 08:02:36+00:00,atiku,"As we inch towards the deadline on the ongoing voter registration exercise, the people must ensure that they play their roles by not just getting their Permanent Voters Card (PVC) but casting their votes for the best candidates in the election next year."
127,2022-07-09 08:02:36+00:00,atiku,"As stakeholders, the citizens too, should take a lesson from the celebration of Eid-el-Kabir by being up and doing in their civic responsibilities."
128,2022-07-09 08:02:35+00:00,atiku,"It is only when this is done that there can be love between the government and the governed.

Love is a pre-condition for God‚Äôs mercies and blessings, and truth must guide all relationships, especially between the government and the people."
129,2022-07-09 08:02:35+00:00,atiku,The expression of love and sacrifice symbolised by the Eid-el-Kabir celebration has a strong effect in the relationship between the government and the governed. It is incumbent on the government to optimally discharge its responsibilities to the people.
130,2022-07-09 08:02:35+00:00,atiku,"I also wish to task the government at all levels to play its Constitutional role by being upright and dutiful and prioritise the needs of the people they have taken an oath to serve. The unity, security and development of our country is sacrosanct."
131,2022-07-09 08:02:34+00:00,atiku,"Meanwhile, the privileged and wealthy ones amongst us need to intensify their acts of charity to the less privileged. There's love in sharing. 

Let's work in concert to purposefully lessen the hardship facing our brothers and sisters. Let's love our neighbours as ourselves."
132,2022-07-09 08:02:34+00:00,atiku,"If we emulate the righteousness and great virtues of the Holy Prophet, mankind shall no doubt receive the reward of Allah's love and mercy."
133,2022-07-09 08:02:33+00:00,atiku,"Therefore, selfless sacrifice and communal love, as exemplified by Prophet Ibrahim and his son, Ishmael, should guide us as we submit ourselves and needs to the Will of Allah."
134,2022-07-09 08:02:33+00:00,atiku,"The hardships in the land and the harrowing experiences that people go through to survive, and the pervasive lack of unity amongst Nigerians, are the reasons why we must do a sober reflection on the State of our Nation as we mark this year's Sallah."
135,2022-07-09 08:02:32+00:00,atiku,"The purpose of the celebration has a bold reflection on Nigeria. Our country is broken, and insecurity has become a daily menace staring all our compatriots in the face."
136,2022-07-09 08:02:31+00:00,atiku,"As we celebrate, I wish to remind that the essence of the celebration of the Eid-el-Kabir is about sacrifice, love, and hope for peaceful coexistence in our dear country and the world at large."
137,2022-07-09 08:02:30+00:00,atiku,I congratulate Muslims in Nigeria and across the world on the occasion of the Eid-el-Kabir celebration. https://t.co/0iqcFSW9F6
138,2022-07-08 11:02:23+00:00,atiku,"My prayer is that in a few months from now, we shall get to work and, together, herald an era of prosperity, peace and unity in our dear country. I wish you many happy returns, dear brother and friend. -AA"
139,2022-07-08 11:02:22+00:00,atiku,"On behalf of my family, I wish to express a hearty felicitation with H.E @IAOkowa on his birthday anniversary. Your commitment to good governance and improving the lots of the common man continues to be the driving force of your politics. https://t.co/E6zX2uipMf"
140,2022-07-07 10:21:28+00:00,atiku,"I celebrate the National Youth Leader of our great party, the PDP, Prince Muhammed Kadade Suleiman, @abba_kadade, on the occasion of his birthday. I pray that the Almighty Allah will continue to grant you continued strength in your service to our great party and Nigeria. -AA https://t.co/oMvTfgeTJE"
141,2022-07-06 11:34:04+00:00,atiku,I wish to restate what I said to @THISDAYLIVE on Monday that our inability to enthrone a regime of law &amp; order in which the arrest and prosecution of criminals will be made a priority as a deterrent to copycats is the reason why insecurity continues to fester in our country.-AA
142,2022-07-06 11:34:03+00:00,atiku,for the security of lives and property to residents of Abuja and its environs.
143,2022-07-06 11:34:03+00:00,atiku,I am concerned and saddened by reports of the attack on Kuje Prison by suspected terrorists. My concern arises not only from the prospects of the escape of detained terrorists and hardened criminals but of its implications
144,2022-07-06 08:14:22+00:00,atiku,"My condolences to his family and friends, management and staff of NNPC and OPEC. I pray that Allah forgives his sins and grants him Aljannah Firdaus. Ameen. -AA"
145,2022-07-06 08:14:21+00:00,atiku,"He was indeed a worthy ambassador of Nigeria. He died in active service, having delivered a speech at the ongoing Nigerian Oil and Gas Conference in Abuja and held a meeting with President @MBuhari hours before passing. He was my very good friend, and he will be sorely missed."
146,2022-07-06 08:14:20+00:00,atiku,"Inna¬†lillahi¬†wa inna ilayhi raji'un.
I am saddened by the passing away of the Wali of Adamawa, Secretary-General of @OPECSecretariat, and former GMD @NNPCgroup, Dr Muhammad Sanusi Barkindo. Barkindo left indelible marks in his service to our nation and OPEC. https://t.co/nJHZvAF18G"
147,2022-07-04 18:18:19+00:00,atiku,"These ideals are the defining elements of a post-modern world, which should be the fundamental objective of all progressive societies. -AA @POTUS @USinNigeria @StateDept"
148,2022-07-04 18:18:19+00:00,atiku,The US continues to play leading roles in the promotion of the ideals of good governance and protection of human dignity.
149,2022-07-04 18:18:18+00:00,atiku,I join all lovers of democracy the world over in felicitation with the people and government of the United States of America on its Independence Day anniversary.
150,2022-07-04 16:15:10+00:00,atiku,"With you @IAOkowa standing at my side, we'd be unbeatable as a people and as a nation. -AA https://t.co/oR0BiyO092"
151,2022-07-03 13:20:48+00:00,atiku,"I also mourn the passing away of Hon. Jude Ise-Idehen, the member of the House of Representatives representing the Egor/Ikpoba-Okha federal constituency. 
May their families and friends be comforted, and the souls of the deceased find eternal rest. -AA"
152,2022-07-03 13:20:48+00:00,atiku,"It is not the wish of any parents to bury their offspring, but we acknowledge that the Almighty Allah knows best. So, it is with sadness that I received the loss of Isa Abdullahi, the eldest son of Prof. Ango Abdullahi, the Chairman of the Northern Elders Forum."
153,2022-07-02 17:03:03+00:00,atiku,"Getting this country back on track will require all hands on deck. And I am excited to go on this journey with my Vice Presidential candidate, H.E Dr Ifeanyi Arthur Okowa, @IAOkowa. Let‚Äôs come together as ONE towards a brighter future for all and for Nigeria. -AA https://t.co/TML8km1G56"
154,2022-07-01 20:15:35+00:00,atiku,"As you enter into a new chapter of your life, it is my prayer that God will endow you with greater wisdom and good health for the tasks ahead. Happy birthday, Your Excellency. -AA"
155,2022-07-01 20:15:35+00:00,atiku,"On behalf of my family, I wish to felicitate with my dear brother and friend, @GovernorObaseki, on the occasion of his birthday anniversary. Your genteel character and patriotism spotlight you as a worthy role model for the upcoming generation. https://t.co/uASSEGVm8z"
156,2022-07-01 19:07:26+00:00,atiku,"I am confident that the duo possess the capacity and candour to deliver on the agenda of the @OfficialPDPNig, the Senate and Nigeria, for the wellbeing of our people. -AA"
157,2022-07-01 19:07:25+00:00,atiku,"I congratulate Sen. Philip Tanimu Aduda and Sen. Chukwuka Godfrey Utazi as Minority Leader and Minority Whip of the Senate, respectively."
158,2022-07-01 17:42:58+00:00,atiku,An investment in education pays the best dividend. Let us fund ASUU for the sake of our youth! -AA
159,2022-07-01 17:42:58+00:00,atiku,"The mind is a very terrible thing to waste. It may be a bit cliche, but I nevertheless believe this. And strongly too. Education is a priority to me. That is why I invested in it and even furthered my education."
160,2022-07-01 12:53:00+00:00,atiku,"My thoughts and prayers are with the families of the deceased, even as I condole with the Nigerian military and the Nigerian Police. -AA"
161,2022-07-01 12:52:59+00:00,atiku,"The attacks in Niger and Taraba states that led to the loss of scores of lives of soldiers, police personnel and civilians are worrisome. This is yet another attack that further exposes how vulnerable we are.
https://t.co/tRirZy8ujB"
162,2022-07-01 07:32:30+00:00,atiku,RT @OneNigeria2023: https://t.co/YSYs1LQwW9
163,2022-06-30 20:16:22+00:00,atiku,RT @omonlakiki: It has come to our notice that there are all manner of fraudulent schemes promising monies from H.E @atiku to unsuspecting‚Ä¶
164,2022-06-30 10:35:42+00:00,atiku,"When they speak, I listen. I do not only listen. Appropriate actions have been taken, are being taken, and will continue to be advanced. -AA"
165,2022-06-30 10:35:42+00:00,atiku,"Every Governor, Legislator, and other elected officials produced by our party, and party members and loyalists, are much loved and respected by me."
166,2022-06-30 10:35:41+00:00,atiku,"The @OfficialPDPNig will remain united. Focus on our actions. We are taking action to address the feelings of all party members. The unity in our community is my priority. Our resolve to unify Nigeria starts in our party and moves to the community, then on to society."
167,2022-06-28 09:22:26+00:00,atiku,RT @OneNigeria2023: ‚ÄúAtiku Abubakar is An Epitome of Democracy‚Äù - Gabriel Okon https://t.co/BI6lArNOnM
168,2022-06-27 17:05:33+00:00,atiku,and the promotion of separation of powers as the bedrock of deepening democracy and development. -AA
169,2022-06-27 17:05:32+00:00,atiku,"I wish the newly sworn-in Acting CJN, Justice Olukayode Ariowoola, success as he steps in to fill the gap and assure him of my commitment to advancing the frontiers of judicial independence"
170,2022-06-27 17:05:31+00:00,atiku,"The decision of Justice Tanko Muhammad to vacate office as the Chief Justice of Nigeria is commendable. I wish him well, even as I commend him for his action and service to the nation."
171,2022-06-27 11:58:54+00:00,atiku,"RT @OneNigeria2023: Don‚Äôt miss out on the latest updates from H.E @atiku, and the campaign. Signup here üëâüèæ https://t.co/MXkgO6UV4K https://‚Ä¶"
172,2022-06-26 11:21:13+00:00,atiku,"Indeed, Mary's story is a testimonial of my covenant with every Nigerian who desires a life-changing education. -AA https://t.co/dp7xkPi3pJ"
173,2022-06-26 11:21:10+00:00,atiku,"The assertion of Mary Katambi, one of the Chibok girls who graduated from @AUNigeria, that ‚ÄúEducation gives (her) the wings to fly, the power to fight, and the voice to speak"" gives an insight into ‚ÄúWhat the students from Chibok can teach us"", By Margee Ensign."
174,2022-06-26 07:40:14+00:00,atiku,RT @OneNigeria2023: https://t.co/asNCyekztC
175,2022-06-24 17:04:51+00:00,atiku,"Under no circumstance must one arm lord over another arm of government. -AA 

https://t.co/SplDIy9fCj"
176,2022-06-24 17:04:51+00:00,atiku,"The ruling of the Supreme Court on Section 84 (12) is commendable. It affirms my position of the independence of the judiciary and the other arms of government, namely the legislature and the executive, which is the bedrock for the development of any nation."
177,2022-06-24 08:41:43+00:00,atiku,"To achieve a sustained increase in manufacturing output, we would ensure our private sector is additionally empowered by involving them in every decision-making process as it pertains to the industry.  -AA https://t.co/u8OUMmmrer"
178,2022-06-23 12:58:30+00:00,atiku,"To jump-start the manufacturing sector and create much needed jobs, and a profitable Nigeria that works for all, we shall review import duty payable on raw materials that are available locally and on imported machinery for local production. - AA https://t.co/XCRLsjse8Q"
179,2022-06-22 10:48:39+00:00,atiku,RT @OneNigeria2023: #OneNigeria https://t.co/PoHxGwfrF1
180,2022-06-22 09:02:22+00:00,atiku,Ease of doing business is critical to the growth of our manufacturing sector. One of the many ways we will achieve this is: -AA https://t.co/UJ0AinWwkL
181,2022-06-21 07:45:16+00:00,atiku,Promoting local competitiveness is key to our overall economic development agenda. And one of the ways we will do this will be to: -AA https://t.co/jOv6VUh1xk
182,2022-06-19 09:01:16+00:00,atiku,#FathersDay https://t.co/u6uFh73l8w
183,2022-06-18 14:32:33+00:00,atiku,"Thank you, Michael. -AA https://t.co/ZmaMsIuCwM"
184,2022-06-18 12:03:44+00:00,atiku,"RT @IAOkowa: Last night, while speaking on @ARISEtv, I emphasized the importance of all leaders in our great party, PDP, and all Nigerians‚Ä¶"
185,2022-06-17 22:10:49+00:00,atiku,"It was my pleasure to participate in the wedding Fatiha of the daughter of my associate, Alhaji Mohammed Waziri Maina, at the National Mosque earlier today. It is my prayer that Allah SWT shower His blessings on the marriage. -AA https://t.co/qh5VtDvNfR"
186,2022-06-17 14:50:22+00:00,atiku,"On behalf of my family, I wish to convey my deepest condolences to the Obaigbena family of the Owa kingdom of Delta State. May her soul rest in peace. -AA"
187,2022-06-17 14:50:21+00:00,atiku,Princess Obaigbena was a visible player in the health sector in the defunct Bendel State and eventually transferred her services to Delta State at the creation of the state. She meritoriously served three former governors of Delta State as Special Adviser on Health.
188,2022-06-17 14:50:21+00:00,atiku,"I have received with sadness but with gratitude to God for a life fulfilled, the passing away of Princess Margaret Obaigbena, the beloved mother of the Chairman of THISDAY Newspapers and founder of Arise TV News, Prince Nduka Obaigbena. https://t.co/0gg9iYk5fd"
189,2022-06-17 10:51:59+00:00,atiku,https://t.co/DG1li2KXGI
190,2022-06-17 08:23:53+00:00,atiku,"RT @IAOkowa: As one, we can get it done. 

#OneNigeria #RescueNigeria https://t.co/mDUyuEDl1m"
191,2022-06-16 12:01:46+00:00,atiku,"I am delighted to announce Governor @IAOkowa as my Vice Presidential candidate. I look forward to travelling our great country together, engaging with all Nigerians and building a shared future of peace, unity, and prosperity for all. As One We Can Get It Done. #OneNigeria. -AA https://t.co/JyKxTIhiUh"
192,2022-06-15 18:07:52+00:00,atiku,https://t.co/OO4QVPT3Xr
193,2022-06-15 14:34:56+00:00,atiku,"It was my honour and pleasure to play host to the Turkish Ambassador to Nigeria, H.E. Hidayet Bayraktar, today. We discussed how bilateral relations between Nigeria and Turkey could be deepened to the mutual benefit of both countries. -AA https://t.co/NDBF71tTsT"
194,2022-06-13 17:32:29+00:00,atiku,"My expectation is that Nigerians will collapse the ruling APC in kind via the ballot and enthrone a viable pathway for the New Nigeria of our dreams that will be united and stable, prosperous and awash with opportunities; secured and inclusive. As One, we can get it done. -AA"
195,2022-06-13 17:32:29+00:00,atiku,collapsing well-being and collapsing value of human life and dignity.
196,2022-06-13 17:32:28+00:00,atiku,"The darkness that has enveloped the nation in the last couple of days with the collapse of the national grid is a metaphor for the collapsing state of our nation: collapsing unity, collapsing security, collapsing economy, collapsing education,"
197,2022-06-13 09:31:41+00:00,atiku,https://t.co/zczGbtLKlB
198,2022-06-13 09:31:36+00:00,atiku,"Planning for a future beyond oil will mean enhancing other critical sectors for maximum output. The Agricultural Sector is one of such vital sectors, and to do this, we will: -AA https://t.co/sKevUzgasG"
199,2022-06-13 08:26:13+00:00,atiku,"in helping Nigeria get out of the quagmire. I wish him many more years of service to our country and humanity in good health and long life. Happy birthday, Your Excellency. -AA"
200,2022-06-13 08:26:13+00:00,atiku,Nigeria has gone through a chequered history of trials and travails and produced leaders that helped to guide us out of those tough challenges. General Abdulsalami Abubakar is undoubtedly one of those great leaders who had played significant roles https://t.co/A1x9rOdOBL
201,2022-06-12 09:05:02+00:00,atiku,"On behalf of my family, I celebrate with him and the Uwais family on the occasion of his 86th birthday. -AA"
202,2022-06-12 09:05:01+00:00,atiku,"Former Chief Justice of Nigeria, Justice Mohammed Uwais, has distinguished himself through a remarkable legal career of excellence and with contributions that have so far enhanced our legal systems/knowledge base. https://t.co/vvLfJsqUe6"
203,2022-06-12 07:35:21+00:00,atiku,"But dreams don't come true, if positive action is not activated and implemented. Let's not rest on our oars, let's be like the dynamic eagle and soar! Let's rekindle hope by not giving up on the dream of a better Nigeria. 

Long live Democracy in Nigeria. -AA #DemocracyDay"
204,2022-06-12 07:35:20+00:00,atiku,"Please trust yours truly, to deliver on these promises. We did it in the past under President Olusegun Obasanjo/Atiku Abubakar administration. We paid off Nigeria's global debt, and liberalized the banking and telecommunications sectors, among others."
205,2022-06-12 07:35:20+00:00,atiku,"cut governance cost through devolution of powers to other tiers of government, and provide incentives to hardworking and entrepreneurial Nigerians."
206,2022-06-12 07:35:19+00:00,atiku,"I will unify all and sundry, enforce solid security nationwide, create jobs through private sector unhindered participation and inclusivity, break government monopoly to give wings for business to thrive, provide enabling infrastructural environment to reduce cost of production,"
207,2022-06-12 07:35:19+00:00,atiku,"Let's work together to fix our country and return the boom of days of yore. Let's kick out the APC. 

I stand with you all on the drive to reposition our country for greatness."
208,2022-06-12 07:35:18+00:00,atiku,"They squandered a precious political opportunity, by dashing the hopes of a trusting majority of the electorate. Not again, we should all clamour. Say no to the doom of bad governance; say yes to the prospect of a better Nigeria in 2023."
209,2022-06-12 07:35:18+00:00,atiku,"At this juncture, the most pertinent tribute that we can effectively pay to our heroes past, those who struggled to enthrone and sustain Democracy in Nigeria, is to kick out the APC; a tainted government that was given a valuable mandate, but came unprepared about what to do."
210,2022-06-12 07:35:17+00:00,atiku,due to no fault of the students and causing untold sorrow to their parents and sponsors; such a party should never be allowed to occupy esteemed offices in government at any level in our country.
211,2022-06-12 07:35:17+00:00,atiku,"A government that impoverishes us, divides us along our fault lines, make us insecure, make us hungry, starve us of public amenities like electricity and fuel and perpetually shut down gates of universities against our undergraduates,"
212,2022-06-12 07:35:16+00:00,atiku,Here's the season to prove to dishonest APC politicians that power truly belongs to the people via the use of the ballots.
213,2022-06-12 07:35:16+00:00,atiku,"The APC that couldn't offer Nigerians honesty on their pledged manifestos with regards to security, economic growth and anti-corruption; shouldn't be honoured with another wasteful tenure of pillage, brigandage and carnage!"
214,2022-06-12 07:35:15+00:00,atiku,"Hence, we should by next year, reject an inept, unpopular and insensitive and clueless APC government.

A ruling party that offers crass opportunism and cronyism can never elevate nor uplift a diverse and secular country as ours."
215,2022-06-12 07:35:14+00:00,atiku,"It is visible that the Buhari administration has brought upon our commonality the worst form of government, where insecurity, disunity,  inequity, lack of job opportunity, dwindling economic prosperity and hyper inflation stare us all on the face."
216,2022-06-12 07:35:14+00:00,atiku,Let's gather the numbers and commitment to kick out APC - the borrowing and sorrowing party. Let's remember that Nigeria's current debt burden stands at  over N41 trillion with less than $40billion reserve.
217,2022-06-12 07:35:13+00:00,atiku,Thus time is ripe for all adult Nigerians to register to vote; vote and defend their votes. For people's participation is the beauty of democracy.
218,2022-06-12 07:35:12+00:00,atiku,"Meanwhile, let's continue to do our civic duty and responsibility to salvage our dear country together; saving her from falling off precariously from the current socio-economic clift into an abysmal catastrophic end of a failed state, as predicted by some naysayers!"
219,2022-06-12 07:35:12+00:00,atiku,"Let's not despair by folding our arms in hapless helplessness. ""The last thing that should die in a person is hope""."
220,2022-06-12 07:35:11+00:00,atiku,"by pursuing with vim and vigour the fundamentals of our Constitution, the pillars and principles of the rule of law, of electoral transparency and equity and unity in diversity."
221,2022-06-12 07:35:11+00:00,atiku,"Let's seize this unique opportunity of Democracy Day to reinforce our firm commitment to the sacrifices made by the pioneers of our country's independence, and salute the courage and selflessness of the pathfinders of our current freedom and liberty;"
222,2022-06-12 07:35:10+00:00,atiku,"Hence, it is an auspicious period to rally around all compatriots; to think and work in concert for the unity, security, equity,  inclusivity, socio-economic prosperity and equitable development of our dear country."
223,2022-06-12 07:35:10+00:00,atiku,"In fact, this historic June 12 as Democracy Day in Nigeria, is indeed one of the most epochal political events in our nation, just before the February 2023 General Elections."
224,2022-06-12 07:35:09+00:00,atiku,"This year's Democracy Day provides us with no room to stomach rhyme and rhetoric. But salient facts, sobriety and the promise of a better tomorrow. https://t.co/Q5PaizKI67"
225,2022-06-10 21:41:31+00:00,atiku,"The responses from all the stakeholders that I have met with reinforce the belief that as ONE, we can get it done. -AA"
226,2022-06-10 21:41:30+00:00,atiku,"Yesterday, I had a pleasant and refreshing meeting with the forum of former governors of the @OfficialPDPNig. Steadily, the PDP is gearing for a phenomenal campaign ahead of the 2023 general election with a united front. https://t.co/P28DQokLl9"
227,2022-06-10 14:00:00+00:00,atiku,The journey so far. -AA https://t.co/mmiOE7p6cN
228,2022-06-09 22:33:55+00:00,atiku,"My post-PDP presidential primary consultations continued earlier today with the meeting with the Forum of Former Ministers. Once again, it was an opportunity to reinforce the imperative of unity as we prepare for the 2023 elections. -AA https://t.co/vb53DUkKHh"
229,2022-06-09 08:58:51+00:00,atiku,"Our economic agenda has a comprehensive objective of providing a more hospitable environment for businesses to thrive and create jobs and wealth for Nigerian citizens. And to achieve these, I have three guiding principles to go by: -AA https://t.co/tTwCwPGVUy"
230,2022-06-08 18:29:27+00:00,atiku,My meeting with the @OfficialPDPNig Governors‚Äô Forum today gives delightful assurance that the fabric of unity in our party continues to be strengthened. The energy to work together to win the general election and start the work of rebuilding the country is overwhelming. -AA https://t.co/H2Uy1Ey2It
231,2022-06-08 14:44:28+00:00,atiku,"Governors Nyesom Wike, @seyiamakinde, Samuel Ortom and Ifeanyi Ugwuanyi came calling on a courtesy visit before my meeting with the @OfficialPDPNig Governors Forum. Slowly but surely, the seeds of unity are being planted in our party. -AA https://t.co/LWWOa2Ts9W"
232,2022-06-08 13:43:52+00:00,atiku,"Congratulations, @officialABAT, on your emergence as your party's presidential candidate. It has been a hard-fought contest, but that you prevailed confirms your tenacity. -AA"
233,2022-06-07 22:18:41+00:00,atiku,"The APC can gloss over everything, but not its scorecard for the mandate Nigerians gave to the party. The 2023 elections will be a referendum on the failed policies of the administration. -AA"
234,2022-06-07 17:55:21+00:00,atiku,"It was a privilege to host the League of Igbo Entrepreneurs moments ago. The dialogue was not only robust, but it also afforded the opportunity to appraise the significant role that the private sector can play in the retooling of our country‚Äôs economic framework. -AA https://t.co/1im2C2H44k"
235,2022-06-07 15:04:51+00:00,atiku,I shall be happier seeing them all take the Oath of Office and begin the real work of fixing Nigeria from the current sordid state into a more promising future. -AA
236,2022-06-07 15:04:50+00:00,atiku,"I am happy to witness the collection of Certificates of Return by gubernatorial candidates of our great party, @OfficialPDPNig, today. I will work together with these compatriots to make the PDP the ruling party after next year‚Äôs general election. https://t.co/WCVkNbIweY"
237,2022-06-07 09:30:38+00:00,atiku,"The private sector is critical to rejuvenating our ailing economy. And this is why repositioning the private sector is an integral part of my economic policy. To do this, we will: -AA https://t.co/AWLhAo0h6T"
238,2022-06-06 10:21:41+00:00,atiku,https://t.co/4JCc8aC75v
239,2022-06-06 10:21:38+00:00,atiku,"National Security will be a key policy thrust of my administration. This is because a secured country is critical to the success of every sector of our nation. To take us to where we ought to be security-wise, this is what we will do: -AA https://t.co/ouvsmh5TAB"
240,2022-06-05 17:19:07+00:00,atiku,"I pray that some day, very soon, we shall have a lasting solution to these painful episodes .-AA"
241,2022-06-05 17:19:07+00:00,atiku,I do hope that the state government and relevant security agencies will leave no stone unturned in apprehending the criminals and bringing them to justice. I condole with the body of Catholic faithful in Nigeria.
242,2022-06-05 17:19:06+00:00,atiku,"I condemn the attack on the St Francis Catholic Church, Owa-luwa Street, in Owo council area of Ondo State capital. My prayers are with the people of Owo, especially families of the deceased."
243,2022-06-04 11:42:48+00:00,atiku,Join us. https://t.co/cdIQYFEP3Z https://t.co/meVE0FIjUO
244,2022-06-02 19:46:42+00:00,atiku,"I excitedly paused my domestic activities to receive our able Gov Aminu Tambuwal when he paid me a courtesy visit. We discussed a wide range of issues, especially the need for our party, the @OfficialPDPNig, to stand united ahead of the 2023 elections. -AA https://t.co/CbHcNSSthh"
245,2022-06-02 14:30:15+00:00,atiku,"It is reassuring that our party will contest the general election as one united family. Thank you for the time, Your Excellency. -AA"
246,2022-06-02 14:30:14+00:00,atiku,"Earlier this morning, I hosted the governor of Abia State, His Excellency Okezie Ikpeazu. We had good discussions about moving our party, @OfficialPDPNig, forwards. https://t.co/JBVT9y0q0L"
247,2022-06-02 09:17:49+00:00,atiku,"It was a collective effort, and I am very grateful for everybody‚Äôs contributions. Now, let‚Äôs get to work to unite and rebuild Nigeria. -AA https://t.co/MndS2wSCT3"
248,2022-06-01 19:09:10+00:00,atiku,I am proud of the promises that this spirit of camaraderie holds for our party as a united front that guarantees victory in the next election to rescue the country. -AA
249,2022-06-01 19:09:10+00:00,atiku,"It was a pleasure to receive His Excellency Nyesom Wike in the company of notable leaders and officials of our great party, @OfficialPDPNig, at my residence today. https://t.co/PtCE0wX1gI"
250,2022-06-01 15:34:11+00:00,atiku,"gives me and assurance of a better tomorrow. Now, the real work begins. -AA"
251,2022-06-01 15:34:10+00:00,atiku,"The love and unity shown by Governors of our great party, the @OfficialPDPNig, my worthy co-aspirants, the NWC, our leaders past and present, stakeholders and party faithful and supporters at the collection of my Certificate of Return as the PDP presidential candidate https://t.co/fUh0XmDtod"
252,2022-06-01 12:18:58+00:00,atiku,"I have just arrived at the Wadata Plaza, headquarters of the @OfficialPDPNig, to collect the Certificate of Return as the presidential candidate of our great party, the PDP. A significant step toward creating One Nigeria. -AA"
253,2022-06-01 09:40:01+00:00,atiku,"My family and I wish you, Sen. Ehigie Uzamere, a happy birthday. Here's a toast to more years in good health and vitality. -AA https://t.co/GaE5tnYQDq"
254,2022-05-31 16:30:16+00:00,atiku,"It was my honour and pleasure playing host to H.E Namadi Sambo, H.E Sule Lamido, H.E Attahiru Bafarawa and Alh Mohammed Hayatu-Deen. The congratulatory visit afforded us to discuss how to strengthen the bond of unity in our dear party, the @OfficialPDPNig, among others. -AA https://t.co/aeYYruWTee"
255,2022-05-31 13:18:39+00:00,atiku,"A peace initiative is the best tool to combat insecurity. When we unite our people, our peace is more guaranteed. Join my campaign at https://t.co/fN533D7LAJ -AA https://t.co/MHmqItq8v5"
256,2022-05-30 16:03:37+00:00,atiku,"I was also at the residence of Senator Anyim Pius Anyim to pay him a courtesy visit and consult with him on strengthening the cohesion in our great party, @OfficialPDPNig. -AA #OneNigeria https://t.co/no5jq8ithW"
257,2022-05-30 15:09:59+00:00,atiku,"To unify our country Nigeria, we have to start with bringing every member of the @OfficialPDPNig under the covering of the umbrella. My visit to @bukolasaraki not long ago underscores this commitment. More to follow. -AA https://t.co/UgpQGMpbEi"
258,2022-05-30 13:18:13+00:00,atiku,"In continuation of my commitment to bring everyone on board in ensuring that the @OfficialPDPNig stands as one united party, earlier today, I visited His Excellency Gov Nyseom Wike at his Abuja residence. This is a continuous process. -AA https://t.co/3qGM9OadHi"
259,2022-05-29 19:18:17+00:00,atiku,"As one, we can get it done. Join the campaign here https://t.co/cdIQYFEP3Z -AA https://t.co/cRm9FRrmiC"
260,2022-05-29 16:57:49+00:00,atiku,"Join The Movement today. Together, we can rebuild and unite our great country. See you on the campaign trail. #OneNigeria üëâüèæ https://t.co/cdIQYFEP3Z https://t.co/LngjghaQSm"
261,2022-05-28 22:48:03+00:00,atiku,"Today, the battle to rebuild and unite our great country moves forward. I‚Äôm honoured to be named the @OfficialPDPNig candidate. I look forward to speaking with Nigerians across the country, taking the message of hope and unity as we build one future for one people.-AA #OneNigeria https://t.co/6HdbwUOde0"
262,2022-05-28 19:45:25+00:00,atiku,"Thank you, H.E @AWTambuwal, for your spirited campaign. I look forward to working with you as we unite our party and our country. -AA #PDPPresidentialPrimaries"
263,2022-05-28 12:15:12+00:00,atiku,Behold the SEED of UNITY that will blossom into One People with One Future and One Country. #OneNigeria https://t.co/ubGSKeYlRx
264,2022-05-27 15:15:00+00:00,atiku,My message to our dear PDP delegates. -AA https://t.co/qThlNqfe8N
265,2022-05-27 07:10:32+00:00,atiku,"Protecting these precious children is a responsibility that the government and security personnel cannot take lightly. By protecting them, we are protecting our country's future and building one future for one Nigeria! -AA"
266,2022-05-27 07:10:32+00:00,atiku,"With a solid education, each Nigerian child will grow to learn that we can all do more when we work together than when we are divided.

It is imperative that our children in schools in all parts of Nigeria must study in safety, without fear of being kidnapped, attacked or raped."
267,2022-05-27 07:10:31+00:00,atiku,"Education will open the minds of these little jewels and power nation-building, especially in dispelling tribalism and other clannish divisions by expanding their minds to see a world beyond their village or tribe."
268,2022-05-27 07:10:31+00:00,atiku,"My background, the loss of my father at an early age and the environment in which I grew up, were all factors that could have counted against me, but my going to school was the game changer; it made all the difference."
269,2022-05-27 07:10:30+00:00,atiku,I know from personal experience how getting an education can transform someone's life and influence their destiny in unimaginable ways.
270,2022-05-27 07:10:30+00:00,atiku,Equipping our children with a solid education is the best way to enable them to achieve their dreams and surmount whatever challenges that society might throw at them.
271,2022-05-27 07:10:29+00:00,atiku,"On this occasion of Children's Day, I wish to restate my call for a renewed focus on education in Nigeria, with particular attention paid to ensuring that our country's children are safe in their classrooms when they learn.
#ChildrensDay"
272,2022-05-26 19:08:15+00:00,atiku,As One We Can Get It Done. -AA https://t.co/j6c7mm5l4f
273,2022-05-26 15:00:57+00:00,atiku,RT @USinNigeria: ‚ÄúDelighted to deliver @AUNigeria 13th Commencement Speech: Want to help Nigeria and the World? Find a Way to Serve!‚Äù - #Am‚Ä¶
274,2022-05-25 14:52:41+00:00,atiku,https://t.co/y5EsemUwlG
275,2022-05-25 07:06:42+00:00,atiku,"‚ÄúAtiku is not only a great unifier, he's undoubtedly a great changer who has touched the lives of many people.‚Äù -Dr Christopher Nwanoro https://t.co/cZ7FxSsQv7"
276,2022-05-24 08:49:36+00:00,atiku,"""As a friend of all, a bridge-builder and above all a unifier, Atiku is the leader we need to fix the divisions in our land."" - Hon Charles Iliya. https://t.co/j2ZWEi8oWP"
277,2022-05-23 17:55:49+00:00,atiku,"Today, I paid a condolence visit to the UAE Ambassador to Nigeria, His Excellency Dr Fahad Obaid Al-Taffaq, @altaffaq, over the death of the country‚Äôs late former President, Sheikh Khalifa bin Zayed. May God accept his soul and comfort his family and his people. -AA https://t.co/DZLRCjxofG"
278,2022-05-23 07:40:02+00:00,atiku,I am delighted and appreciate the feedback and the impressive reception I received. Most thankful to H.E @IshakuDarius and other leaders of our party. -AA
279,2022-05-23 07:40:02+00:00,atiku,"On Saturday, when I visited Taraba in the wrap-up phase of my consultations with leaders and esteemed delegates of our great party, @OfficialPDPNig, it was an opportunity to discuss my policy framework, which is centred on the need for national unity and One Nigeria. https://t.co/j5KpRBNiyH"
280,2022-05-21 11:34:58+00:00,atiku,"It was my pleasure and that of @AUNigeria to have HE Mary Beth Leonard, US Ambassador to Nigeria, as the Commencement Speaker at AUN's 13th Commencement Ceremony in Yola, today. -AA https://t.co/L9gsUXXllM"
281,2022-05-21 10:34:10+00:00,atiku,"RT @AUNigeria: 13th Commencement Ceremony of American University of Nigeria

AUN Founder H.E Atiku Abubakar, GCON @atiku and the U.S Ambass‚Ä¶"
282,2022-05-21 10:07:40+00:00,atiku,"Their consensus was that given the divisions in our land and the broken socio-economic fabric, I was best suited to provide the leadership to ensure that we are One People powered by One Future and One Country. -AA"
283,2022-05-21 10:07:39+00:00,atiku,"The meetings with @OfficialPDPNig in the three states were fruitful, and the leaders and delegates were convinced about the viability of my policy prescription, especially as it relates to security, economic reforms and education."
284,2022-05-21 10:07:39+00:00,atiku,"My consultative trips to Jigawa, Gombe and Bauchi yesterday were remarkable in more ways than one. Jigawa was a homecoming of sorts because of my deep fraternal roots in the state. https://t.co/av24XTeQfY"
285,2022-05-19 19:28:17+00:00,atiku,‚ÄúWe need a mentor.‚Äù - Dr Ahmed Adamu. https://t.co/yBPJZ1jwbR
286,2022-05-19 18:32:38+00:00,atiku,"address the issue of insecurity frontally, re-energize the economy and bring the platform for good governance closer to the people. I wish to express my sincere appreciation to these three states for honouring our invitation with such a large turnout. -AA"
287,2022-05-19 18:32:37+00:00,atiku,"Today, I met with leaders and esteemed delegates of the @OfficialPDPNig from Zamfara, Yobe and Borno states. They agree with the workability of our policy plan encapsulated in the Unity-SEED framework, which, essentially, is to unite the country, https://t.co/81HESN51hx"
288,2022-05-19 16:00:10+00:00,atiku,"I also thank leaders and members of our party in both states for their generous welcome. As One, we can get it done! -AA"
289,2022-05-19 16:00:09+00:00,atiku,"In Birnin-Kebbi and Kano yesterday, when I met with leaders and esteemed delegates of our great party, @OfficialPDPNig, I was overwhelmed at the acceptance my campaign agenda received from our party members, specifically endorsing my plan as good for the country at this moment. https://t.co/DWWV0UDlK3"
290,2022-05-18 18:43:14+00:00,atiku,I‚Äôm happy to have met her in good condition. She prayed for my success and peace and unity to return to our dear country. -AA
291,2022-05-18 18:43:13+00:00,atiku,"My visit to Katsina would be incomplete without a stopover at the Yar‚ÄôAdua family compound. Hajjia Aya Dada Yar‚ÄôAdua, the mother of my late mentor, Tafida Shehu Musa Yar‚ÄôAdua and former President Umaru Yar‚ÄôAdua, has been a mother figure to me since my association with the family. https://t.co/FDf2YKw9Yn"
292,2022-05-18 17:40:26+00:00,atiku,"I must express my appreciation for the high display of love from everyone. Thank you, Katsina. -AA"
293,2022-05-18 17:40:26+00:00,atiku,"It was an opportunity to reaffirm my commitment to the Unity-SEED policy framework, which, in particular, will pay attention to the worsening security situation in Katsina State and also open up the business and economic potentials of the state."
294,2022-05-18 17:40:25+00:00,atiku,My consultations with leaders and esteemed delegates of the @OfficialPDPNig continued today in Katsina State. https://t.co/u69GDyYWiT
295,2022-05-18 14:20:38+00:00,atiku,"I assured them, among others, that we will enthrone a regime of security and unity that will give the people of the state the opportunity to engage in the productive aspects of their lives. -AA"
296,2022-05-18 14:20:36+00:00,atiku,"The turnout was tumultuous, and the reception in Kaduna yesterday was impressive. My meeting with @OfficialPDPNig leaders and delegates was fruitful. https://t.co/CgblsUw3WX"
297,2022-05-17 17:31:26+00:00,atiku,"Thank you, Nasarawa, for the huge turnout. Special thanks to leaders and esteemed delegates of our great party, @OfficialPDPNig, for believing in my campaign agenda. -AA
#OnePeople
#OneFuture
#OneCountry https://t.co/7xQzu2Vunz"
298,2022-05-17 15:39:44+00:00,atiku,"As one, we will build the Nigeria of our dreams. -AA"
299,2022-05-17 15:39:43+00:00,atiku,I had a robust consultative meeting with Akwa Ibom @OfficialPDPNig leaders and delegates. They keyed into my vision of a united and secured Nigeria where inclusiveness and devolution of powers and resources to the states will unlock the best of our people. https://t.co/DI8mdMsZ3Q
